config,MLP (F),LSTM (F),GRU (F),Average (F),StaticStacking (F),BoostingStacking (F),MLP (T),LSTM (T),GRU (T),Average (T),StaticStacking (T),BoostingStacking (T)
MLP (F),1.0,5.102650617705429e-06,0.041200323337980294,2.4395664155463237e-08,0.0007658888536392627,0.8915434209679658,0.07875910237879813,0.33563605577783673,3.502966318125189e-07,2.3974711105267943e-11,0.005387542387568001,0.9997585241627944
LSTM (F),5.102650617705429e-06,1.0,0.6651172715487723,0.999180822452032,0.9976799980546784,1.4856738062007935e-10,0.508636152226006,0.1537611445440984,0.9999988723190363,0.7610209995180133,0.949205799565443,4.830994981830372e-08
GRU (F),0.041200323337980294,0.6651172715487723,1.0,0.1282735627181647,0.9968274345828019,4.145806476418823e-05,0.9999999997264699,0.9996288615942135,0.33563605577783673,0.00467911258599063,0.9999901548407903,0.0022595171407405745
Average (F),2.4395664155463237e-08,0.999180822452032,0.1282735627181647,1.0,0.7610209995180133,1.659783421814609e-13,0.07102638544231843,0.00932097013309996,0.9999995163856712,0.9976799980546784,0.4314295023214799,1.1492107265809182e-10
StaticStacking (F),0.0007658888536392627,0.9976799980546784,0.9968274345828019,0.7610209995180133,1.0,1.1802070187805214e-07,0.9845089203323921,0.7829488285592002,0.9492057995654432,0.14058237533662654,0.9999988723190363,1.6317168576862606e-05
BoostingStacking (F),0.8915434209679658,1.4856738062007935e-10,4.145806476418823e-05,1.659783421814609e-13,1.1802070187805214e-07,1.0,0.00012144053598273086,0.0019445335924459517,4.779510121011299e-12,3.3306690738754696e-16,1.8686862024441808e-06,0.9994426600276645
MLP (T),0.07875910237879813,0.508636152226006,0.9999999997264699,0.07102638544231843,0.9845089203323921,0.00012144053598273086,1.0,0.9999816503650155,0.21555483342460002,0.0019445335924459517,0.9997585241627944,0.005387542387568001
LSTM (T),0.33563605577783673,0.1537611445440984,0.9996288615942135,0.00932097013309996,0.7829488285592002,0.0019445335924459517,0.9999816503650155,1.0,0.041200323337980294,0.00012144053598273086,0.964512445148941,0.0461097793821883
GRU (T),3.502966318125189e-07,0.9999988723190363,0.33563605577783673,0.9999995163856712,0.9492057995654432,4.779510121011299e-12,0.21555483342460002,0.041200323337980294,1.0,0.9573604778570907,0.738177970038429,2.3042184826849166e-09
Average (T),2.3974711105267943e-11,0.7610209995180133,0.00467911258599063,0.9976799980546784,0.14058237533662654,3.3306690738754696e-16,0.0019445335924459517,0.00012144053598273086,0.9573604778570907,1.0,0.03674763190707031,5.206945985491984e-14
StaticStacking (T),0.005387542387568001,0.949205799565443,0.9999901548407903,0.4314295023214799,0.9999988723190363,1.8686862024441808e-06,0.9997585241627944,0.964512445148941,0.738177970038429,0.03674763190707031,1.0,0.0001718793697813581
BoostingStacking (T),0.9997585241627944,4.830994981830372e-08,0.0022595171407405745,1.1492107265809182e-10,1.6317168576862606e-05,0.9994426600276645,0.005387542387568001,0.0461097793821883,2.3042184826849166e-09,5.206945985491984e-14,0.0001718793697813581,1.0
