a,b,mean_a,mean_b,nemenyi_p,A12,effect
MLP,LSTM,38.84224332173665,39.41335678100586,0.9997849108735243,0.4511111111111112,negligible
MLP,GRU,38.84224332173665,37.38872528076172,0.06401790021739251,0.7322222222222223,large
MLP,Average,38.84224332173665,36.82185274759929,0.00027183706532385443,0.8533333333333334,large
MLP,StaticStacking,38.84224332173665,38.203254318237306,0.9624120521237066,0.6622222222222223,medium
MLP,BoostingStacking,38.84224332173665,41.408850479125974,0.0015558316049288923,0.1055555555555556,large
LSTM,GRU,39.41335678100586,37.38872528076172,0.028919868698810358,0.7322222222222223,large
LSTM,Average,39.41335678100586,36.82185274759929,7.69032409130288e-05,0.7966666666666666,large
LSTM,StaticStacking,39.41335678100586,38.203254318237306,0.8798982760878568,0.6322222222222222,small
LSTM,BoostingStacking,39.41335678100586,41.408850479125974,0.004492597159564293,0.25666666666666665,large
GRU,Average,37.38872528076172,36.82185274759929,0.6525307507643732,0.6255555555555555,small
GRU,StaticStacking,37.38872528076172,38.203254318237306,0.3823027608183238,0.33222222222222214,medium
GRU,BoostingStacking,37.38872528076172,41.408850479125974,5.219787935217823e-10,0.013333333333333345,large
Average,StaticStacking,36.82185274759929,38.203254318237306,0.007395662681346948,0.12555555555555553,large
Average,BoostingStacking,36.82185274759929,41.408850479125974,5.773159728050814e-15,0.0,large
StaticStacking,BoostingStacking,38.203254318237306,41.408850479125974,3.972334364366059e-05,0.0011111111111111072,large
