seed,config,mae,rmse,r2
0,MLP,40.1416130065918,66.47274244591726,0.9418537020683287
0,LSTM,43.85578918457031,65.26690992570431,0.9439440965652466
0,GRU,36.89889907836914,61.20415017012225,0.9507057070732116
0,Average,39.12126541137695,62.22435308773808,0.949048638343811
0,StaticStacking,37.9024772644043,62.36641583591885,0.9488157033920288
0,BoostingStacking,41.96540069580078,67.05132639324707,0.940837025642395
1,MLP,38.09538650512695,65.86321348541233,0.942915141582489
1,LSTM,41.06935119628906,65.64796845081156,0.9432876706123352
1,GRU,38.010353088378906,62.98874721242378,0.9477891325950624
1,Average,37.39243698120117,63.00877101332302,0.9477559328079224
1,StaticStacking,38.80670547485352,63.363948663529285,0.9471652507781982
1,BoostingStacking,40.67057800292969,67.50004340276382,0.9400425553321838
2,MLP,39.23948669433594,64.67124267327983,0.9449626803398132
2,LSTM,40.83469009399414,64.14537322558814,0.9458540678024292
2,GRU,38.42245101928711,63.256893460811845,0.947343647480011
2,Average,36.15450286865234,62.546875,0.9485191106796264
2,StaticStacking,37.9211311340332,62.96465557407981,0.9478290677070618
2,BoostingStacking,40.8553581237793,65.98008473798173,0.9427123665809632
3,MLP,39.13268661499024,64.37099881376123,0.9454724788665771
3,LSTM,38.09508514404297,64.18469671945759,0.9457876682281494
3,GRU,37.294864654541016,62.10204948937877,0.949248731136322
3,Average,37.267879486083984,61.872770635342896,0.9496227502822876
3,StaticStacking,39.13383483886719,63.14646718827091,0.9475273489952089
3,BoostingStacking,40.903411865234375,66.46911730034859,0.941860020160675
4,MLP,40.07295989990234,67.48932207208782,0.9400615692138672
4,LSTM,36.57500076293945,63.21318291417246,0.947416365146637
4,GRU,37.37117767333984,62.00995580663338,0.9493991136550904
4,Average,36.78467559814453,62.364947837306815,0.9488181471824646
4,StaticStacking,37.41396713256836,62.85136779413595,0.94801664352417
4,BoostingStacking,40.106693267822266,67.58959259637352,0.9398833513259888
5,MLP,38.54776763916016,66.03893634274594,0.9426101446151732
5,LSTM,40.10921478271485,65.99172089408262,0.9426921606063844
5,GRU,38.85567855834961,62.334129505206654,0.948868691921234
5,Average,37.43424987792969,62.71335069559551,0.9482446908950806
5,StaticStacking,37.40109634399414,62.428680010798125,0.948713481426239
5,BoostingStacking,42.24626922607422,67.82345461633277,0.9394665956497192
6,MLP,39.738243103027344,67.29202987840573,0.9404115080833436
6,LSTM,40.703643798828125,64.75972341929628,0.9448119401931764
6,GRU,33.75812530517578,60.70621573534501,0.9515045285224916
6,Average,35.9120979309082,61.90192753713328,0.9495753049850464
6,StaticStacking,37.2844123840332,62.57541933913628,0.9484720826148988
6,BoostingStacking,43.40119171142578,66.9678677613376,0.9409842491149902
7,MLP,37.54773712158203,64.7662111704475,0.9448009133338928
7,LSTM,33.811744689941406,61.81957547661885,0.9497093558311462
7,GRU,37.80197143554688,63.72266570852164,0.946565330028534
7,Average,35.0921745300293,61.82323631797453,0.9497033953666688
7,StaticStacking,37.99248123168945,63.28814391460892,0.947291612625122
7,BoostingStacking,39.82853317260742,66.2435433174434,0.9422539472579956
8,MLP,41.211647033691406,68.91923417917346,0.9374948143959044
8,LSTM,37.481910705566406,62.8220530670759,0.9480651021003724
8,GRU,36.45267868041992,62.214651343529,0.9490644931793212
8,Average,36.831302642822266,62.99064058081367,0.9477859735488892
8,StaticStacking,37.77881622314453,62.60732971765367,0.9484195113182068
8,BoostingStacking,41.89595031738281,67.0559868400559,0.940828800201416
9,MLP,38.42143249511719,66.3039248402291,0.9421486258506776
9,LSTM,40.38381576538086,65.0835588217658,0.9442586302757264
9,GRU,38.550174713134766,63.7105059189858,0.946585774421692
9,Average,37.61328887939453,63.15182366354316,0.9475184082984924
9,StaticStacking,38.440032958984375,63.78516761302642,0.946460485458374
9,BoostingStacking,41.060691833496094,67.03183639020902,0.9408714175224304
10,MLP,41.30240631103516,70.68519973047752,0.9342505931854248
10,LSTM,37.79372024536133,63.06250580711073,0.9476667642593384
10,GRU,37.07728958129883,62.67882620076935,0.9483016133308412
10,Average,37.35054016113281,63.2783351952161,0.9473079442977904
10,StaticStacking,39.67258071899414,64.34349578021659,0.9455190896987916
10,BoostingStacking,43.84660339355469,69.9778599194506,0.935559868812561
11,MLP,39.03007507324219,66.068172503625,0.94255930185318
11,LSTM,39.95219802856445,66.24796945591049,0.9422462582588196
11,GRU,40.65507125854492,65.64782713107304,0.9432879090309144
11,Average,37.7258186340332,64.09656106707286,0.9459364414215088
11,StaticStacking,37.89533233642578,63.06995588976974,0.94765442609787
11,BoostingStacking,41.08217239379883,66.3516172325513,0.942065417766571
12,MLP,38.089805603027344,65.42126111785068,0.9436786770820618
12,LSTM,36.38587188720703,62.85331579670738,0.948013424873352
12,GRU,35.6075325012207,61.9792426032448,0.9494492411613464
12,Average,35.45130157470703,61.87423255521538,0.9496204257011414
12,StaticStacking,38.0205307006836,62.97298179018424,0.947815239429474
12,BoostingStacking,42.640132904052734,67.4757588126562,0.9400856494903564
13,MLP,36.42973327636719,63.29248742815968,0.9472844004631042
13,LSTM,38.70793151855469,63.35730190813151,0.9471763372421264
13,GRU,35.28211212158203,61.29010963493621,0.9505671262741088
13,Average,35.4750862121582,61.2273674703049,0.9506682753562928
13,StaticStacking,36.874778747558594,62.651566221444135,0.9483466148376464
13,BoostingStacking,40.05669784545898,66.21984499448598,0.942295253276825
14,MLP,38.18102264404297,66.38948685480067,0.9419992566108704
14,LSTM,35.610565185546875,61.67764058113969,0.949940025806427
14,GRU,39.75214767456055,63.167755090735376,0.9474919438362122
14,Average,35.82442855834961,61.583146125533,0.9500933289527892
14,StaticStacking,37.65533065795898,62.89138392399232,0.9479504227638244
14,BoostingStacking,41.043601989746094,67.34267328025558,0.9403218030929564
15,MLP,40.99250793457031,68.33391490161566,0.9385520219802856
15,LSTM,36.052154541015625,62.34632865907683,0.9488486647605896
15,GRU,39.50361251831055,64.68653758342032,0.9449366331100464
15,Average,36.92274856567383,63.31032125446648,0.9472546577453612
15,StaticStacking,38.26762390136719,63.37608249198786,0.9471450448036194
15,BoostingStacking,40.63263320922852,66.43095863846163,0.9419267773628236
16,MLP,41.00851058959961,67.46170065072107,0.9401106238365172
16,LSTM,40.71397399902344,64.8732312499732,0.9446183443069458
16,GRU,35.70746994018555,61.96926216379375,0.94946551322937
16,Average,37.07613754272461,62.84263502864715,0.9480310678482056
16,StaticStacking,38.58415222167969,63.02211022294576,0.9477338194847108
16,BoostingStacking,43.35669708251953,67.72481730434015,0.9396425485610962
17,MLP,38.53302764892578,64.91436290774755,0.9445480704307556
17,LSTM,43.93809509277344,68.48606296402575,0.938278079032898
17,GRU,36.25555038452149,62.74233876911786,0.948196828365326
17,Average,37.181339263916016,63.23591161340307,0.9473785758018494
17,StaticStacking,38.07111358642578,63.15334488927032,0.947515904903412
17,BoostingStacking,40.5747184753418,66.31751424256265,0.9421249032020568
18,MLP,42.16535949707031,69.59853836804872,0.9362565875053406
18,LSTM,38.1042594909668,61.98358133787326,0.9494421482086182
18,GRU,39.77563095092773,63.94385736355956,0.9461937546730042
18,Average,38.15362930297852,63.19182725044434,0.9474518895149232
18,StaticStacking,38.80361557006836,62.77264943889277,0.9481467604637146
18,BoostingStacking,40.3342170715332,65.81202887414466,0.9430038332939148
19,MLP,39.51585006713867,64.83683698089767,0.9446804523468018
19,LSTM,36.41109848022461,62.37016005458359,0.9488095641136168
19,GRU,34.8878059387207,61.27281343316647,0.9505950212478638
19,Average,34.37799453735352,60.871548846603,0.9512400031089784
19,StaticStacking,37.72711944580078,62.644107302183656,0.9483588933944702
19,BoostingStacking,41.51361846923828,66.60406199488699,0.9416236877441406
20,MLP,39.07643127441406,64.63352971997197,0.9450268149375916
20,LSTM,38.36925506591797,63.87632818763439,0.946307361125946
20,GRU,37.27817535400391,62.349412336845646,0.9488435983657836
20,Average,37.0203971862793,62.11432173696941,0.9492286443710328
20,StaticStacking,39.11784362792969,63.5073987600313,0.9469257593154908
20,BoostingStacking,41.91962814331055,66.0679914344874,0.9425595998764038
21,MLP,38.99213409423828,66.32620911543943,0.942109763622284
21,LSTM,37.70369720458984,64.65866280539097,0.9449840784072876
21,GRU,35.01995849609375,61.47019968422707,0.9502761960029602
21,Average,35.52688980102539,61.90104210489413,0.949576735496521
21,StaticStacking,38.39747619628906,62.54083822041802,0.9485290050506592
21,BoostingStacking,43.0315055847168,66.68028750828464,0.9414899945259094
22,MLP,37.51490783691406,65.51052515626783,0.9435248970985411
22,LSTM,43.9301986694336,65.98889436630606,0.942697048187256
22,GRU,37.010841369628906,62.59836595249013,0.9484342932701112
22,Average,38.28860092163086,62.778031976385854,0.9481378793716432
22,StaticStacking,38.92341995239258,63.40649065072617,0.9470943212509156
22,BoostingStacking,42.76506805419922,67.01897104901529,0.9408941268920898
23,MLP,38.56808090209961,65.87942495811951,0.9428870677947998
23,LSTM,40.54365921020508,66.26109871655464,0.9422233700752258
23,GRU,37.465065002441406,61.9313249791402,0.949527382850647
23,Average,37.21144485473633,62.79821821467151,0.9481045007705688
23,StaticStacking,37.39251327514648,62.69832985340399,0.9482694864273072
23,BoostingStacking,41.82997894287109,67.21821972129283,0.9405421614646912
24,MLP,36.99153900146485,65.28484387546432,0.9439132809638976
24,LSTM,40.98179626464844,63.55534197957419,0.9468455910682678
24,GRU,35.51315689086914,60.93149409505933,0.9511439204216005
24,Average,36.88261795043945,61.30052324728252,0.9505503177642822
24,StaticStacking,37.92228317260742,62.63766479348708,0.9483695030212402
24,BoostingStacking,41.65828323364258,67.42380682342477,0.9401779174804688
25,MLP,34.83143615722656,62.56579154365726,0.9484879374504088
25,LSTM,44.92259979248047,70.30575314852442,0.9349545836448668
25,GRU,39.09102630615234,63.47106178089153,0.9469864964485168
25,Average,36.9132194519043,62.62438988911888,0.9483913779258728
25,StaticStacking,38.84708786010742,63.27924572443263,0.9473063945770264
25,BoostingStacking,40.02706909179688,65.86391406363009,0.9429139494895936
26,MLP,38.31485748291016,65.35581323967097,0.9437912702560424
26,LSTM,40.15245819091797,64.97620883711014,0.944442331790924
26,GRU,38.174713134765625,63.364647977253455,0.9471641182899476
26,Average,37.05598068237305,62.84363345339765,0.948029398918152
26,StaticStacking,38.91168212890625,63.14956012007824,0.9475221633911132
26,BoostingStacking,41.53680038452149,66.46803375848235,0.941861927509308
27,MLP,40.41810989379883,67.66171672486776,0.9397549629211426
27,LSTM,41.85192108154297,66.04791185311046,0.9425945281982422
27,GRU,37.51498794555664,62.97004108477896,0.9478201270103456
27,Average,38.71517562866211,63.96163362650984,0.9461638331413268
27,StaticStacking,38.22539138793945,62.83477139366189,0.9480440616607666
27,BoostingStacking,40.231082916259766,65.69981969985724,0.943198025226593
28,MLP,37.42826843261719,64.58090175194017,0.9451163411140442
28,LSTM,36.58350372314453,62.439462869546695,0.9486957788467408
28,GRU,39.134159088134766,64.52568831965297,0.945210099220276
28,Average,35.97008514404297,62.39857590835407,0.9487628936767578
28,StaticStacking,38.59635925292969,63.22585345348748,0.9473953247070312
28,BoostingStacking,41.93497085571289,66.64475551384369,0.9415523409843444
29,MLP,35.734275817871094,63.784160960642296,0.9464621543884276
29,LSTM,40.77149963378906,66.4697453792419,0.9418589472770692
29,GRU,37.53907775878906,62.19794981297615,0.9490918517112732
29,Average,35.92827224731445,62.04798459723027,0.9493370652198792
29,StaticStacking,38.11643981933594,62.97828905724674,0.947806477546692
29,BoostingStacking,39.315956115722656,66.70737607969227,0.9414424896240234
