seed,config,mae,rmse,r2,mae_day,rmse_day,r2_day,mae_night,mae_masked,rmse_masked
0,MLP,40.14161372037931,66.47274101854407,0.9418536792225958,73.46603837699747,93.0688135594875,0.8594240681626013,5.834650744647118,37.953134761858685,66.36687426191685
0,LSTM,43.855788615889146,65.26691003282346,0.9439441206979088,71.22010666337428,90.10464902150385,0.8682359259228484,15.684660208281603,36.81385463109825,64.25838362340095
0,GRU,36.89890132051206,61.20414908638371,0.9507056897833512,61.81602237684915,84.87214141007671,0.8830950404723468,11.2471231322928,32.043501948224126,60.53681162275709
0,Average,39.121260752086975,62.22435370212822,0.9490486314004066,67.19259607786552,86.70820156862386,0.8779822610777781,10.22226934790709,34.77084381350967,61.842621581981525
0,StaticStacking,37.90247713691115,62.36641643384575,0.9488157144491104,67.62557093269217,87.18359236894075,0.8766406319554048,7.303026767298757,34.99047633672077,62.18073340799775
0,BoostingStacking,41.96539926676229,67.05132622933462,0.9408370515046871,74.1541174789217,93.60946761259545,0.857786060713433,8.827627937782456,38.30217246610355,66.7514742895116
1,MLP,38.095384041480514,65.86321475492672,0.942915143411898,70.25879533586108,92.18602811914404,0.8620782296603824,4.983665780189469,36.32621607634277,65.73890717758347
1,LSTM,41.069351485429486,65.6479665275034,0.9432876528901754,72.16193974821905,91.60012767248922,0.8638258184043053,9.06002843356506,37.29161257607399,65.32213667283115
1,GRU,38.01035123180831,62.98874705984446,0.9477891210519033,66.94267358240938,87.83684798755506,0.8747850739212131,8.22498743598065,34.644067148139065,62.64535622735595
1,Average,37.392438242541814,63.008773740788904,0.9477559158562334,68.30981155764482,88.19872919006433,0.8737511964087965,5.563496181047565,35.33756692008053,62.90274541468553
1,StaticStacking,38.80670438104327,63.363949208709364,0.9471652642766938,68.86722259392637,88.4529672479296,0.8730223080894182,7.859880962866311,35.62032142879961,63.08357478047032
1,BoostingStacking,40.67057642727659,67.50004479759549,0.940042545408621,73.68907233964478,94.35116167051154,0.8555235309246438,6.678562207909835,38.06627184460593,67.27909496252019
2,MLP,39.2394854159398,64.67124260487157,0.9449626548738783,70.11447027106767,90.32206121860678,0.8675992955544577,7.454181597024353,36.25300517785798,64.4130288939226
2,LSTM,40.834687257967104,64.14537416939778,0.9458540783298623,69.08884290520032,89.17578134892611,0.8709385730801957,11.747485252584502,35.73274141720614,63.59769117535429
2,GRU,38.42244937039481,63.25689455622063,0.9473436441348926,66.8321406701252,87.96750537684622,0.8744122822360828,9.175125894751002,34.58799778948643,62.73828638935007
2,Average,36.154500774380764,62.54687717496873,0.9485190766697541,67.7400307859502,87.64106393631135,0.87534264775497,3.637702064681517,35.048537690855284,62.50610538902305
2,StaticStacking,37.921131941022445,62.96465450145825,0.9478290536793125,68.39626881056242,88.01663991902963,0.8742719481815739,6.547465237491117,35.38142356532565,62.773233465323734
2,BoostingStacking,40.85536291155327,65.98008458833758,0.9427123772163526,72.9045099751166,92.14647708625283,0.8621965508074036,7.861277851029832,37.668291662115244,65.71077300176904
3,MLP,39.13268384441004,64.37100116421712,0.9454724992184715,68.495975632818,89.879484631046,0.8688936391048326,8.9036438951645,35.43200123908484,64.09822524193869
3,LSTM,38.09508483512825,64.18469536793772,0.945787674941344,68.44005283610775,89.77802562273706,0.8691894666473284,6.855424902915929,35.403633621867414,64.02605826456623
3,GRU,37.29486141294014,62.10205171025696,0.9492487244358626,64.41323144788474,86.50045945681934,0.8785662394489625,9.376932556326423,33.36097240919738,61.69487095241676
3,Average,37.26787757597744,61.87277026762833,0.9496227811582081,65.89245463875753,86.45375049762595,0.8786973488833426,7.799332639110451,34.11132896727935,61.66165068005287
3,StaticStacking,39.133834057717756,63.146467973563574,0.9475273264415198,68.23083443920656,88.10399721550426,0.8740222519150304,9.178936859084308,35.29750467719236,62.83536670989731
3,BoostingStacking,40.903410822351795,66.46911908006317,0.9418600155540278,74.02862576097849,93.02502567650582,0.859556315994376,6.80153106980983,38.23851504501612,66.33572552153655
4,MLP,40.072957654831164,67.4893207677244,0.9400615953058169,73.82043917625332,94.47454995146094,0.8551454039502975,5.3304643932196525,38.132909501432785,67.3668709397476
4,LSTM,36.57500246426743,63.213182401355645,0.9474163928059511,67.85961940825902,88.55539606504365,0.8727280566746147,4.367988951902612,35.10920068449621,63.15642869998224
4,GRU,37.37117738902522,62.009956969022845,0.949399136856832,65.07458718316337,86.4137644570574,0.8788095312007005,8.850959443708543,33.696454313654705,61.63321191156039
4,Average,36.78467575128121,62.36494893538669,0.9488181231806282,67.49825291688816,87.34216329858222,0.8761914878386902,5.165538570963496,34.9258925006168,62.29351482920624
4,StaticStacking,37.41396503409969,62.85136680472984,0.9480166195250287,68.45800988265587,87.91166562651051,0.874571672024328,5.454616651925132,35.41274258373625,62.69857028062203
4,BoostingStacking,40.10669479171633,67.58959261237665,0.9398833567609344,74.25744447933197,94.5839642019637,0.8548096874045009,4.94904339340934,38.35458652563369,67.44470629572429
5,MLP,38.54776937350383,66.03893766641131,0.9426101325272035,71.27336392974074,92.52842553045392,0.8610517887146953,4.8572924224884435,36.84087012093789,65.98246891801364
5,LSTM,40.1092160687046,65.99172426122053,0.942692162995345,72.92501916038117,92.28077700327933,0.8617945717195515,6.3258708711309355,37.67869523188019,65.80630583680656
5,GRU,38.85567631183983,62.334127882476096,0.948868699331545,65.55543833031612,86.62214066253658,0.8782243545752296,11.368697722794208,33.94037275270677,61.78141310533699
5,Average,37.43424845034975,62.71335043475977,0.9482446712117545,68.50656282909738,87.8060054364178,0.8748729930535037,5.445797038322076,35.43737174179798,62.62341949583783
5,StaticStacking,37.401098139424725,62.428679970516605,0.948713463729847,67.62139783915829,87.27174212298146,0.87639105299317,6.289782232328002,34.98835947692574,62.24342865383825
5,BoostingStacking,42.24626848926126,67.82345608962412,0.9394666236732637,75.08542452892291,94.7559984829256,0.854281047552552,8.438881804695605,38.774590933355974,67.56708885969984
6,MLP,39.73824732354766,67.29203048470725,0.9404115167571643,74.60720736352326,94.33297370167281,0.8555792266934783,3.841209837675991,38.532008618219834,67.26615642502551
6,LSTM,40.7036447865222,64.75972380128519,0.9448119510592476,69.14182805909338,89.70676478480651,0.8693970445850152,11.426989279870298,35.75961887420515,63.97537113085123
6,GRU,33.758127102499486,60.70621378147726,0.9515045091934486,61.78196499003599,84.9807518796727,0.8827956436019078,4.908033552431201,32.02622586459856,60.61405337137919
6,Average,35.912096384105396,61.90192825748249,0.9495752887138253,66.62030698849144,86.68265070103638,0.8780541619979616,4.298483992857859,34.48054220521942,61.824449205141974
6,StaticStacking,37.28441562256187,62.575418878415455,0.9484720818855364,67.68319657844151,87.486015240814,0.875783328461409,5.989356112700524,35.019707747821215,62.39582806080504
6,BoostingStacking,43.40118770717328,66.96786915488904,0.9409842370726073,73.73561899658125,93.14840261849808,0.8591835345268471,12.172375151247124,38.08988328438364,66.42349044824856
7,MLP,37.54773463131903,64.7662150598987,0.944800886841203,69.66058297434098,90.74931123039438,0.8663437441660543,4.488070120935274,36.02276452733923,64.71693457889332
7,LSTM,33.81174400900631,61.81957732390359,0.9497093640172214,63.106693458420644,86.5940192904042,0.8783034092451739,3.6530614062922786,32.698212823742836,61.761412582018345
7,GRU,37.80197194090079,63.72266347457607,0.946565357845001,68.11405360114206,88.95428221154151,0.8715789149177982,6.5961679712666585,35.238265971200796,63.440144169929205
7,Average,35.09217196078018,61.82323721363633,0.949703409151833,65.52482556978111,86.60164739433868,0.8782819676920931,3.7622410954941907,33.92484400371867,61.766837851421464
7,StaticStacking,37.99247933350599,63.28814553923768,0.94729160334549,68.39521418100212,88.44071690329146,0.8730574773509885,6.693349355371158,35.38088858979808,63.074861567847115
7,BoostingStacking,39.82853008647785,66.24354521109343,0.9422539611244544,72.47212871782345,92.71980099255315,0.8604764243938388,6.222466630620815,37.44896024951739,66.11860333763963
8,MLP,41.21164545380503,68.91923492137452,0.9374948271620172,75.79314664405035,96.42604977203113,0.8490992608158349,5.610542262864498,39.133592829528375,68.75516462797529
8,LSTM,37.48191046129197,62.822052810475626,0.948065098507523,67.10428332066571,87.76698035874426,0.8749841928741614,6.98615068714554,34.7260459378841,62.59566298131884
8,GRU,36.45268034320591,62.214650182307025,0.9490645212903207,65.47209898373967,86.95852323216043,0.8772767275347908,6.577652307865251,33.8980977088623,62.02065701881927
8,Average,36.831303400700314,62.99064211091709,0.9477859794186707,68.22683070056895,88.20819499154598,0.8737240960128754,4.510109448255691,35.2954737250263,62.90947803553823
8,StaticStacking,37.778814366821635,62.607328950787895,0.9484195155945758,67.12824506092124,87.39912910458105,0.876029935813789,7.564044192797707,34.73820086423648,62.33403112398759
8,BoostingStacking,41.89594712456552,67.05598524936632,0.9408288294170997,72.58385227830178,93.34446392916242,0.8585901219563726,10.303238870473422,37.50563358104331,66.56296041774539
9,MLP,38.421430292527916,66.30392638457442,0.9421486418006795,71.6969758092834,92.92910403485169,0.8598458003153557,4.164787610659236,37.055753144579995,66.26749128344211
9,LSTM,40.38381562573883,65.08356012275372,0.9442586262874407,70.10093522623124,90.67045081492537,0.8665759356406422,9.79051559476508,36.24613933792279,64.6608403798067
9,GRU,38.55017560757132,63.71050354954129,0.9465857493105126,67.18458223562693,88.67862291472238,0.8723736066201923,9.071511290236407,34.766778680461286,63.244075809811164
9,Average,37.61328940495309,63.15182538250741,0.9475184223965337,68.01251224871748,88.3291357547282,0.8733775891214042,6.317774978571565,35.18675770647211,62.99549821431032
9,StaticStacking,38.44003196016189,63.785165427256715,0.9464604844078697,69.12393619714615,89.17187594984844,0.8709498771659698,6.851442585969249,35.75054297813265,63.594913349961836
9,BoostingStacking,41.06069324381,67.03183544985376,0.9408714420066687,72.97783021350162,93.65955253904185,0.8576338393546397,8.202510466658195,37.705484373838395,66.78710300860519
10,MLP,41.302413002620206,70.68520182745196,0.9342505582381073,75.81888565842509,99.00633885282167,0.8409152250145361,5.768255649346883,39.146649302921844,70.5908753691371
10,LSTM,37.793718480607126,63.06250511132035,0.9476667745196327,65.95866501540019,87.93869621593778,0.8744945281585441,8.7983558317661,34.14491510264651,62.71779582052929
10,GRU,37.07728820333453,62.678826360266775,0.9483016387630251,65.65236304016771,87.4520834877615,0.8758796655052747,7.659705017503798,33.98953916121502,62.37169440446257
10,Average,37.35053632515103,63.278335727390306,0.9473079419307602,67.34933002573156,88.51182555905525,0.8728532650533574,6.467257306617264,34.85034929069595,63.12543854436764
10,StaticStacking,39.67257938125476,64.34349293006335,0.9455190927073893,69.7332307782808,89.7809795258371,0.8691808585721552,8.725618852129644,36.05961613732808,64.02815934908948
10,BoostingStacking,43.84660094632549,69.97786007336141,0.9355598740929627,74.53951853241547,97.37519255547662,0.8461139419699456,12.24873247317635,38.49767251624142,69.43040652987668
11,MLP,39.030073888765635,66.06817459020225,0.9425593057070357,71.15225758556353,92.43337603331493,0.8613371102066619,5.960798780759936,36.77943724174873,65.91485597209484
11,LSTM,39.95219785606594,66.24796964372682,0.9422462471052154,72.30215809735053,92.46797712569725,0.8612332778968312,6.648430433220129,37.362740285863445,65.93946925222625
11,GRU,40.655071690360224,65.64782631193677,0.9432878951503949,72.55714932105997,91.63989514872362,0.8637075548347289,7.812392262195136,37.49208813421,65.35042439253763
11,Average,37.72581769073142,64.09656166761242,0.9459364534758661,70.52010620298553,89.81984825184253,0.8690675634385443,3.964621409074231,36.45876965179694,64.05580633875041
11,StaticStacking,37.89532892467091,63.069955399953884,0.9476544083548005,68.03982164595924,88.14314755296968,0.8739102668218077,6.862055091207034,35.20061077843856,62.86321260651727
11,BoostingStacking,41.082174345937695,66.35161498495091,0.9420653935650453,71.74572596500681,92.53624223120637,0.8610283113355343,9.514537666846865,37.08048233979563,65.98802929346681
12,MLP,38.08980613368117,65.42126132654268,0.9436786713760315,69.8561692177718,91.6147001060993,0.8637824877427248,5.386842663818826,36.12197837237254,65.33250244943584
12,LSTM,36.38586926654711,62.853318784143774,0.9480133905717251,66.49966488950764,87.93468970008755,0.874505964038972,5.384197605563184,34.419344820868076,62.714946180194204
12,GRU,35.607530932624584,61.979243070498775,0.9494492502567428,65.27165259418099,86.72847192601826,0.8779252046001517,5.068791433380997,33.79641848704016,61.857038346709984
12,Average,35.45130100951836,61.87423254123483,0.9496203999443833,65.93040124953892,86.69389877369031,0.8780225121896399,4.073554079374337,34.130577913910585,61.83244909661009
12,StaticStacking,38.02052942534636,62.972980627629056,0.9478152551250225,68.09896555020751,88.01534015658147,0.8742756614656524,7.0552598029462965,35.23061234730058,62.77230900508313
12,BoostingStacking,42.64013203730677,67.47576042456788,0.9400856792252253,74.24534002112168,94.11003857020494,0.8562610332391405,10.103075169448164,38.34844637068198,67.1075655558273
13,MLP,36.42973187108759,63.292486218958516,0.9472843729830761,67.13789920545115,88.61638631563817,0.8725526857515373,4.816164025637159,34.74309806345928,63.19980897107
13,LSTM,38.70793178937499,63.35730159591644,0.9471763496476566,68.50590502261623,88.54441980475043,0.8727596049136661,8.031394234760542,35.4370380603021,63.1486216714542
13,GRU,35.28211250377691,61.29011084966456,0.9505671239625672,62.51745836849008,85.41509066133492,0.8815945130357584,7.243758898580781,32.399315120739324,60.92294991931467
13,Average,35.47508350379586,61.227365733854825,0.9506682849438987,64.63164897641757,85.67543347888514,0.8808716197794741,5.45886499512632,33.47176774146767,61.10810480154999
13,StaticStacking,36.87478010934358,62.65156758959258,0.948346595805776,67.78891930329142,87.68075962260875,0.8752296988798862,5.04916752392799,35.073337071927895,62.53433876177978
13,BoostingStacking,40.056695345121234,66.21984408152603,0.9422952753839064,72.88860388871704,92.63091870022556,0.8607437940634168,6.256769842009071,37.66022307833629,66.05537707221451
14,MLP,38.18102244301673,66.38948804683693,0.9419992373112267,71.17984900192415,93.02738955510661,0.8595491782153755,4.209257508908113,36.793433371839654,66.33740707807264
14,LSTM,35.610564331964284,61.67763878377969,0.9499400347880772,63.447398138621125,85.96159229117855,0.8800745052585557,6.9529884966099385,32.871040016241636,61.31162179360315
14,GRU,39.752144865313824,63.167753460602775,0.9474919453761059,67.35329597824642,87.73747476505638,0.8750682346302944,11.337200599174349,34.85236107532517,62.57467720468527
14,Average,35.824426013801855,61.58314697661124,0.9500933037274367,65.6372146450174,86.16498967999665,0.8795063121867943,5.132636243582406,33.981854926871215,61.456279795116735
14,StaticStacking,37.65532902664771,62.89138409926572,0.9479504030975118,68.34134865524767,87.91465784581946,0.8745631335567807,6.064561890570601,35.35356455191538,62.70069849948338
14,BoostingStacking,41.04360009580293,67.34267206160067,0.9403217946838693,73.37494234225541,94.14196057578393,0.8561635045511402,7.758999601297784,37.906925029949576,67.13027407357866
15,MLP,40.992509219892064,68.33391492681439,0.9385520115594488,75.76787346890927,95.6538409882166,0.8515065000511862,5.191827106038966,39.12077265957181,68.20580874555664
15,LSTM,36.05215332054154,62.34633103342222,0.9488486774245115,65.4937758019734,87.20756937661595,0.8765727706719744,5.742473173809489,33.90909357670725,62.19778669274136
15,GRU,39.50361338861923,64.6865392542532,0.9449366158957211,70.04227632275136,90.16303212080838,0.8680651181483424,8.064547616134302,36.21638379245297,64.29991142010739
15,Average,36.9227484555488,63.31032215666647,0.9472546580777051,69.09024919928815,88.6871989452967,0.8723489201570709,3.8068201714535,35.73345477946134,63.25017566384162
15,StaticStacking,38.26762434665711,63.37608148918964,0.9471450298308449,68.98508983619777,88.59338543041,0.8726188365107513,6.644484198948167,35.680111228450606,63.183449221726086
15,BoostingStacking,40.632630202380895,66.43095703416262,0.9419267564364341,72.44759987928266,92.75115090250537,0.8603820585528906,7.8796270214918485,37.43651765466437,66.14090407758883
16,MLP,41.00851238662201,67.46170034317771,0.9401106455969944,73.8013879180903,94.34508579491155,0.8555421378558872,7.248770746117787,38.1232454854881,67.27477271208434
16,LSTM,40.71397243386244,64.8732325236829,0.9446183179023835,70.78253857976392,90.3281119390197,0.8675815557804099,9.758863797172696,36.59189212863731,64.41733278446434
16,GRU,35.70746762297116,61.96926254389095,0.9494655293352261,65.27019183745438,86.63973414185861,0.8781748828153234,5.273115176119876,33.79567749785317,61.79392597466313
16,Average,37.07613860341769,62.84263555202973,0.9480310614863706,68.16962154107993,88.00612095361905,0.8743019981812328,5.065894498060239,35.26645358237993,62.7657518182584
16,StaticStacking,38.5841523168946,63.02210874247518,0.9477337999307848,68.24784490165416,88.00539154700517,0.8743040817766221,8.04585454536081,35.30613347109737,62.76523302561213
16,BoostingStacking,43.35669721478311,67.72481827639092,0.9396425668761635,74.41110335159796,94.31119422098429,0.8556459063753692,11.386682051821404,38.432532127909056,67.25066296952846
17,MLP,38.53302660823712,64.91436228373793,0.9445480714452991,70.00647292498262,90.86364355516737,0.8660067530324865,6.1316162723247025,36.198222020461316,64.79826052233999
17,LSTM,43.938097186358874,68.48606628048006,0.9382780684303913,77.75454596860902,95.51854242433654,0.8519262792916246,9.124603231167686,40.12853994452847,68.10955724625069
17,GRU,36.25555279544251,62.742340767404684,0.9481968105574845,66.18248285915404,87.77755656185997,0.8749540614459714,5.446256243366012,34.25844981999864,62.60318528293831
17,Average,37.18133914624551,63.23591370644018,0.9473785681344332,69.55170562318628,88.62221532986577,0.8725359187252137,3.856563829689789,35.96753497511911,63.203954952951264
17,StaticStacking,38.07111398761107,63.15334798116825,0.9475158916908069,68.9867534415996,88.33762463123105,0.873353249844221,6.243956908443523,35.68095511545226,63.00153601418064
17,BoostingStacking,40.57472059116457,66.31751439299039,0.9421249278116846,72.88654621294647,92.67347533844044,0.8606158100730219,7.310212150067237,37.65917929365364,66.0856496448378
18,MLP,42.16535687112381,69.59853724606391,0.9362565904846947,78.31073788437408,97.53871384425355,0.8455966690503022,4.954264378367392,40.41067603739234,69.54674081071991
18,LSTM,38.10426060207595,61.98358104194289,0.9494421738430258,64.77151935837117,86.25189967280639,0.8792631185902926,10.650743602351874,33.54271894006156,61.51809123851334
18,GRU,39.775633366478345,63.94385679070816,0.9461937506741376,67.81817432528332,88.86617595498356,0.8718331825566591,10.90628530323686,35.088177089136856,63.37747660078987
18,Average,38.15362962939994,63.191827890658544,0.9474519141163039,69.05430144652054,88.44557359995655,0.8730435349435535,6.341881493347029,35.71521978138673,63.078315954410485
18,StaticStacking,38.80361385976414,62.772652529850724,0.9481467446766848,67.6050681187991,87.60049667123846,0.8754580237495486,9.15297667417288,34.9800759989227,62.4772521462285
18,BoostingStacking,40.334219646671286,65.81203169012983,0.9430038315407984,72.29828913562149,91.98216806204006,0.8626875552141585,7.42772059047931,37.3607777011607,65.59389397486335
19,MLP,39.51585235416131,64.83683689590441,0.9446804416964893,68.23001156390008,90.36471884924339,0.8674742046525125,9.955084027673493,35.297087262236644,64.4433713749441
19,LSTM,36.41109932064419,62.37015965123188,0.9488095701275913,65.17486814734771,86.99424320746873,0.8771758846860316,6.799258685782323,33.747323228900754,62.04606213397122
19,GRU,34.88780717748368,61.272813839470295,0.950595021458462,62.58931390191392,85.58372442863966,0.8811265190637048,6.369548412038299,32.435764840478534,61.04288146708402
19,Average,34.3779954925631,60.871548665389184,0.9512399921218375,63.929051836726735,85.28442760668705,0.8819564956550903,3.955654931863928,33.11536556043806,60.83002343601704
19,StaticStacking,37.72711990137623,62.644107753948745,0.9483588956724974,67.55937031074295,87.54431967466708,0.8756177066530205,7.015294541364777,34.95689514955767,62.43729662900918
19,BoostingStacking,41.51361915722137,66.60406322116813,0.9416237068919974,72.57843650293047,92.91926554375911,0.8598754752566238,9.53288582097537,37.50288635358499,66.2604926437337
20,MLP,39.0764305181271,64.63353021999096,0.9450268251071702,68.18581393717712,90.19548133242948,0.8679701356884906,9.108785180087889,35.274667400739155,64.32299251795054
20,LSTM,38.36925231491869,63.87632841751365,0.9463073356251287,68.50731060864722,89.19394567151515,0.8708859903696229,7.342602621866473,35.43775106338561,63.61061106704776
20,GRU,37.27817513834501,62.34941095765028,0.9488436235236196,65.23589223652678,86.9425983038311,0.8773216726486772,8.496151884934294,33.77827854774583,62.00933074272036
20,Average,37.02039696473296,62.11431920348462,0.9492286718802802,66.2119044522149,86.84311649114753,0.8776022550194492,6.968206209806845,34.27337433270142,61.93857649108717
20,StaticStacking,39.11784767122652,63.50739842112643,0.9469257690918035,69.39689048740331,88.71052647925526,0.8722817587953178,7.9460566639093795,35.889002842076664,63.26676779460781
20,BoostingStacking,41.91962755887688,66.06799276292627,0.9425596218735006,72.03715251554014,92.03573156306103,0.8625275877571562,10.914116608405365,37.2283125149451,65.63199559782979
21,MLP,38.99213350264316,66.32621022443708,0.9421097491707815,71.66347179274646,92.82828103568038,0.8601497546330156,5.357512511111748,37.03875776573136,66.19577063106162
21,LSTM,37.70369538409112,64.65866198796452,0.9449840658250037,70.62134703407327,90.59426047053385,0.8668000738077473,3.815498722315897,36.510125472893506,64.60664554791667
21,GRU,35.019954382120986,61.47019828762795,0.9502762020338902,63.91185067459788,85.9792890133078,0.8800251225853071,5.276208567507169,33.10664003146471,61.3242078183826
21,Average,35.52688841618684,61.90104123085362,0.9495767338300748,67.004929724533,86.77412914995072,0.8777966409756658,3.1207476098059184,34.67564744299354,61.88951089491878
21,StaticStacking,38.39747578439596,62.54084050171336,0.9485290134893047,67.92524567492667,87.34970704972218,0.8761701002086275,7.999108255815194,35.14249052194626,62.29888023395034
21,BoostingStacking,43.03150503889964,66.68028957502862,0.9414900105948528,72.67017357194919,92.59905217935712,0.8608395903169825,12.518969128954277,37.54942125905575,66.03270891387726
22,MLP,37.51490796037268,65.51052456774843,0.9435248726248653,69.53565716971114,91.77552897198021,0.8633038104696176,4.550058037245354,35.959394173658964,65.44690476202155
22,LSTM,43.93019564573063,65.9888947258518,0.9426970772804971,73.08713012544372,91.12205143551222,0.865243540275206,13.913597250153762,37.76092827590103,64.98207008625516
22,GRU,37.01084246602173,62.598364625524745,0.9484342854671877,65.7725758810812,87.26107755955766,0.8764212610508798,7.401097254940847,34.05051879843384,62.235843627007796
22,Average,38.2885998084835,62.77803549314837,0.948137851117884,67.90885910683203,87.61688661195707,0.8754114161013827,7.795015911657866,35.13417820713796,62.48890939644316
22,StaticStacking,38.92341733817852,63.40649045528764,0.9470942961611288,68.95980729599857,88.42065824107918,0.8731150528324366,8.001433573248288,35.66728630793794,63.06059459758988
22,BoostingStacking,42.76506835509473,67.01897008974994,0.940894136810852,72.92571384824642,93.29013922525361,0.8587546697833729,11.715165500965615,37.67904762197165,66.52431598170487
23,MLP,38.5680810450582,65.87942545343195,0.9428870397341818,70.2676676859933,92.18079864852454,0.8620938770942281,5.933862856970209,36.3307166994728,65.73518725162512
23,LSTM,40.5436616244611,66.26110120697756,0.9422233491288008,73.67531904540665,92.67033937658822,0.8606252431088562,6.4351494392616155,38.05929529462315,66.08341888398401
23,GRU,37.465065362226184,61.931327354310426,0.9495273809009551,64.23843928835383,86.20355996435,0.8793984141646267,9.902304489873645,33.27230665272832,61.48371142837176
23,Average,37.21144640024404,62.7982169299986,0.9481045012078527,67.94809221442996,87.8959560055565,0.87461649555075,5.568560414632493,35.154079747190664,62.68739680085716
23,StaticStacking,37.39251087514154,62.69833062739122,0.9482694589794398,67.6090039685166,87.6894551432142,0.8752049500860288,6.285113808497431,34.982072513488845,62.540523415167016
23,BoostingStacking,41.829975680548586,67.21821772702971,0.9405421705044487,72.62959959461217,93.69529003828583,0.8575251738508308,10.122254746905709,37.5288395441596,66.81252548233185
24,MLP,36.991540063659215,65.28484601492089,0.9439133070621373,68.38422048302282,91.40612144992683,0.8644020329211384,4.673276929228371,35.37531188343813,65.18413505677456
24,LSTM,40.9817963258967,63.55534249796055,0.94684560345529,65.48144441478497,87.29984157139384,0.8763114418312374,15.7597998904073,33.902838308871964,62.263414019658505
24,GRU,35.51315636832228,60.93149599826244,0.9511439054667998,62.30398806277794,84.97989307579695,0.8827980124923847,7.93242300228562,32.29102933612263,60.61344260488089
24,Average,36.88261816351485,61.30052156977469,0.9505503292288937,64.0775073905181,85.41260453413605,0.8816014056542715,8.885914020727732,33.190671706973866,60.92118180237696
24,StaticStacking,37.92228295967261,62.63766392736053,0.948369519152285,67.55597751749542,87.45089255390157,0.8758830460560095,7.414867677786211,34.95517410794663,62.37084736385941
24,BoostingStacking,41.65828410489623,67.4238070328273,0.940177906532241,73.40908109936962,94.12850716326285,0.8562046116925108,8.971345675696359,37.92424238979323,67.12070364957268
25,MLP,34.8314359549,62.56579037046351,0.9484879379135998,64.54431400213318,87.65450060273037,0.8753044212072066,4.2425025352668255,33.427465859839145,62.515662151755976
25,LSTM,44.92260009795669,70.30575287585366,0.9349545696088408,79.89713511344378,97.9894941810883,0.8441662048291257,8.916874860882773,41.21539811848218,69.86744261266011
25,GRU,39.091027487722066,63.471059426904226,0.9469864899661115,67.69580096234124,88.26829634908215,0.87355195919979,9.642870028593233,35.026101497039114,62.952225613398475
25,Average,36.9132192038145,62.62438924468821,0.9483914007353785,68.04725449365216,87.6680318383583,0.8752659196931939,4.861227099534459,35.204381193914756,62.52528618044133
25,StaticStacking,38.847087087127214,63.279248045139234,0.9473064225404099,69.64116234507482,88.41395323597492,0.873134295665012,7.145078406340867,36.012913142759906,63.05582558217473
25,BoostingStacking,40.027069015755245,65.86391354855421,0.9429139320909573,72.50533639101327,92.1393561052124,0.8622178485903096,6.591211447614914,37.46580530407735,65.70570757637435
26,MLP,38.31485486308813,65.35581498725493,0.943791300848123,70.65334277863613,91.53348140007488,0.8640239010983708,5.022898016369177,36.52635575978435,65.27472938188387
26,LSTM,40.152459145336536,64.97620844525356,0.9444423591651353,70.20618629392968,90.61508074792128,0.8667388430394695,9.212627019389295,36.29952940737272,64.62145517445835
26,GRU,38.174711150727255,63.364646650899076,0.947164101174424,68.0211770133777,88.45788384052184,0.8730081917754173,7.448251208588343,35.19115302898135,63.08707177007549
26,Average,37.05598117936299,62.84363379046301,0.9480294104479209,68.12490351116853,88.02574805944278,0.8742459256476066,5.071021825489458,35.24376973911979,62.77971166066366
26,StaticStacking,38.91168496382311,63.14956009911659,0.9475221874029484,68.11606353310901,88.15652845327074,0.8738719808685396,8.84624363573763,35.239285537174354,62.87272985445099
26,BoostingStacking,41.53680170018917,66.46803240228601,0.9418619165544769,72.86791340391581,92.69832669495716,0.8605410454087514,9.28192257522243,37.64972754185722,66.10332761940423
27,MLP,40.41811301819749,67.66171809470755,0.9397549862475463,75.42173519127248,94.81256345058947,0.8541070206162547,4.38244301692373,38.94518919912409,67.6073284294295
27,LSTM,41.85192177619263,66.04791175182987,0.9425945339550759,72.29762621755495,91.85868175134601,0.8630559923949479,10.50855528741915,37.36044142674196,65.50605398216777
27,GRU,37.51498581462102,62.970040414031466,0.9478201280312439,67.95397580703859,88.05347336025676,0.8741666961336079,6.178531743802921,35.15706428145581,62.79943138486361
27,Average,38.71517648909669,63.961633095649574,0.9461638303880199,70.73382939407915,89.53605137912989,0.8698936506291793,5.752484677824819,36.56718371604419,63.85394479332245
27,StaticStacking,38.22538879898324,62.83477042499477,0.9480440691115739,68.10017793375842,87.80163918723972,0.8748854368972923,7.469770500529193,35.23122734573621,62.620314007483316
27,BoostingStacking,40.231085830622014,65.69981885750303,0.9431980285242612,71.95093893314332,91.80651203390788,0.8632114986854699,7.576003643996886,37.18457947496414,65.46894398500541
28,MLP,37.42826863591719,64.5809034193085,0.9451163106882194,69.43633858686833,90.43169681381896,0.8672776766782978,4.47647180680532,35.90901343974717,64.49101304599931
28,LSTM,36.583502544362986,62.439461957846454,0.9486957469196886,64.75699773021934,87.28307554302673,0.8763589463101263,7.57933919577866,33.53535264200392,62.25148939873193
28,GRU,39.134159910614095,64.52568848028163,0.9452101187318793,69.83831273599766,90.11884400521234,0.8681944067285633,7.524724938044778,36.11292042338541,64.26848048411942
28,Average,35.97008495089281,62.398578053682854,0.9487629105818142,66.7290493454396,87.43015281483885,0.8759419099033983,4.304222343238979,34.53570327974882,62.356096422944276
28,StaticStacking,38.59636125909748,63.22585157053103,0.9473953131086805,68.06465718704996,88.28321586203492,0.8735092099297416,8.259221225161136,35.21320895243011,62.9628372501851
28,BoostingStacking,41.93497205035288,66.64475717436056,0.9415523512497601,73.7070051124428,93.01419750895782,0.8595890095458681,9.22617142869276,38.075368493277075,66.32802285323697
29,MLP,35.73427431986317,63.784161953462466,0.9464621689712909,65.74339865239591,89.28098593030028,0.8706338745986171,4.840360080720127,34.03571824296274,63.67252102653834
29,LSTM,40.7715009279532,66.46974342673568,0.941858923327237,73.57628360521218,92.92507802991386,0.8598579439657865,6.999501071020711,38.0090581887618,66.2646273727149
29,GRU,37.53907864026994,62.19795067447131,0.9490918615796472,64.95204767454136,86.53414826162042,0.8784716329018666,9.317864818747287,33.63429444184765,61.718831082515415
29,Average,35.92827323488218,62.047984208351764,0.9493370564674033,66.17263322317454,86.8778483894624,0.8775043323217218,4.792187644969397,34.253453455016306,61.96327876425369
29,StaticStacking,38.11643813422126,62.97828936270367,0.9478064562192065,68.13255123621995,87.95527888962678,0.874447190351557,7.215329068527279,35.247649154127714,62.72959027553156
29,BoostingStacking,39.31595491779807,66.70737594562637,0.9414424659559693,72.01308748271468,93.36249027634791,0.8585354995484308,5.654779132294229,37.21610519199854,66.57578365699914
