protocol,config,mae,mae_std,rmse,mae_day,mae_day_std,rmse_day,r2_day,mae_night,mae_masked,rmse_masked,skill,skill_day,frac_seeds_beat_sp_rmse_day
fixed,MLP,41.34346026147896,3.043222360990546,69.40234377839225,76.84617520421564,5.305356011807611,97.22919972564559,0.8460927745855039,4.793982224607515,39.66775622748147,69.32675853962681,-0.040203320514595076,-0.03844960510285045,0.26666666666666666
fixed,LSTM,37.58439110958319,2.762073324438969,63.631819205414445,67.62531711682742,3.741119764011561,88.83698136513506,0.8717892440409891,6.657737554213818,34.99034758508962,63.35679384103101,0.04628538426300066,0.051182890762590416,0.9
fixed,GRU,38.600607242998,1.7790673173853304,63.75655381129607,68.49148656297169,2.398186176839505,88.92320406708465,0.8716300006035145,7.828424355850663,35.429724095906145,63.41806459224658,0.04441586020722166,0.05026199528013142,1.0
fixed,Average,37.32956203423544,1.1923064679906819,63.56730255527052,69.25205797615038,1.8693257680571296,89.04428763365098,0.871287331631253,4.4658622807652515,35.815534534310345,63.50418337200658,0.04725236073749084,0.04896877079365969,1.0
fixed,StaticStacking,38.010649467857306,0.6027352678067406,63.109944957853074,68.357788677066,0.9428381711665849,88.20043587255944,0.8737404632884687,6.768754311448378,35.361903981869226,62.9039632577099,0.0541072429445717,0.057981469967812505,1.0
fixed,BoostingStacking,42.391254710303464,1.8521254651427728,67.59777262035026,74.20314078598507,2.0109044473713045,94.30922447853408,0.8556028560879303,9.641426047623867,38.32704022113932,67.24928879521461,-0.013156382205220973,-0.007263015571832732,0.4
tpe,MLP,38.842243213759275,1.681807370355702,66.0257584612889,71.14281667410953,3.220969878390628,92.41534784266595,0.8612863304572147,5.589318693153017,36.77464820797242,65.90209235363183,0.010404988479506327,0.012964400165211831,0.7333333333333333
tpe,LSTM,39.4133565328296,2.745334264634473,64.49240928540304,69.46490466647431,4.029933131487724,89.89775208398662,0.8687201568004288,8.47576766797178,35.923503981339074,64.11129347688266,0.03338684784376278,0.03985340397051196,0.9333333333333333
tpe,GRU,37.38872504326978,1.6590519626320432,62.64795714569222,65.94550707622098,2.5211745968756807,87.35291141731902,0.8761201240282185,7.989974006890057,34.138240554806195,62.30118740494482,0.06103152287640612,0.06703339509259865,1.0
tpe,Average,36.82185211261807,1.0829132261608192,62.49596502193957,67.3448925972099,1.684599173183905,87.46545334073832,0.8758221280549335,5.398869402436284,34.84809834329816,62.38121714354603,0.0633095829996263,0.06583139902287816,1.0
tpe,StaticStacking,38.20325393749014,0.6460911740118418,63.017790542234096,68.28059487457486,0.6662413209202074,88.04287664843729,0.8741918341157363,7.23911179341522,35.322746350823486,62.791897901148694,0.05548845464302721,0.059664270140308395,1.0
tpe,BoostingStacking,41.4088501568899,1.1651069512538275,66.85877232730917,73.13402441846557,0.872327600905207,93.31818414330802,0.8586500346479844,8.748289921999946,37.78471605892301,66.54427704316177,-0.002080235250628837,0.00332172077959747,0.6666666666666666
reference,Persistence,66.95444795341865,0.0,109.44324982585051,126.24946489942036,0.0,152.42070643677843,0.6229572831208265,,,,-0.6403369926564653,-0.6279185970407728,
reference,Persistence24h,52.63293162977055,0.0,106.666481809024,103.3627108819184,0.0,149.7592235030754,0.6360097294989719,,,,-0.5987187539320702,-0.599492816418381,
reference,SmartPersistence,33.82745454704416,0.0,66.71997907491631,65.7503570123971,0.0,93.62919418320332,0.857726116159099,,,,0.0,0.0,
