model,number,value,state,params_batch,params_dropout,params_lr,params_n_layers,params_units,duration
MLP,0,55.60125732421875,COMPLETE,32,0.23821788119170062,0.008492372581120358,2,16,18.411854
MLP,1,52.099552154541016,COMPLETE,16,0.32392502101637394,0.005550752043022724,2,16,77.178851
MLP,2,58.14129638671875,COMPLETE,128,0.270749484709508,0.003816322217641592,2,128,5.947938
MLP,3,44.58354568481445,COMPLETE,16,0.35803581122156847,0.002861095541954711,1,128,36.680017
MLP,4,45.9658317565918,COMPLETE,64,0.07122120235341525,0.0011558454526180016,2,64,14.858713
MLP,5,0.015012615360319614,PRUNED,128,0.15353948846291543,0.00042755482001523103,2,128,2.091864
MLP,6,0.011406210251152515,PRUNED,16,0.19816590350298574,0.0005049321916700355,2,64,29.908358
MLP,7,45.552940368652344,COMPLETE,32,0.10099703782297068,0.002765184516122909,2,128,33.568084
MLP,8,44.31899642944336,COMPLETE,16,0.33799314628714494,0.001964603537425263,1,128,136.806337
MLP,9,48.544822692871094,COMPLETE,16,0.16648313697638664,0.0025707642836794256,1,128,31.49419
MLP,10,0.02455584518611431,PRUNED,16,0.3859217701660703,0.0015153850603917636,2,128,11.375853
MLP,11,54.02104568481445,COMPLETE,16,0.3703012487589857,0.007916240970875739,1,128,44.360606
MLP,12,48.256805419921875,COMPLETE,16,0.3232116811509223,0.0021166355375700175,1,128,85.663032
MLP,13,0.014880642294883728,PRUNED,16,0.31527518302424284,0.0008659034598990148,1,16,7.599922
MLP,14,44.215415954589844,COMPLETE,16,0.22225056404077,0.000309155967927956,1,128,75.975316
MLP,15,0.009356822818517685,PRUNED,16,0.19001678115115903,0.0003132883180819962,1,128,36.041752
MLP,16,0.012565258890390396,PRUNED,16,0.377216632851416,0.000399046152889656,1,128,6.917305
MLP,17,0.013669394887983799,PRUNED,16,0.29081442596178364,0.00024753581798232636,1,128,6.484291
MLP,18,0.011179337278008461,PRUNED,16,0.21713216922523537,0.0008959202099068072,1,128,7.687751
MLP,19,0.01473293174058199,PRUNED,32,0.20829761472664954,0.00010985862462007753,1,128,4.356936
MLP,20,0.012046581134200096,PRUNED,16,0.0925408134573612,0.00012077541094904534,1,128,7.199569
MLP,21,0.011869200505316257,PRUNED,16,0.3997475707683569,0.0010278323369866205,1,128,11.316448
MLP,22,0.012113100849092007,PRUNED,16,0.22450033055942709,0.003689492037529083,1,16,11.942243
MLP,23,0.012153217568993568,PRUNED,32,0.2310341784352198,0.0017848511248222917,1,128,2.913976
MLP,24,0.014322756789624691,PRUNED,16,0.38443251935394285,0.00045387457056606293,2,128,5.357042
MLP,25,0.009949514642357826,PRUNED,16,0.36767767561660214,0.00017059118269677478,1,128,18.564718
MLP,26,46.82891082763672,COMPLETE,16,0.2537660217302454,0.009125799108948198,1,128,23.546334
MLP,27,0.013187115080654621,PRUNED,128,0.320703276630932,0.004552618235720759,1,128,1.027183
MLP,28,49.048439025878906,COMPLETE,16,0.2801168977620144,0.004420484674529889,1,32,15.2815
MLP,29,0.012488419190049171,PRUNED,16,0.31479435664609695,0.007769314165146888,1,64,4.545025
LSTM,0,43.076515197753906,COMPLETE,32,0.23821788119170062,0.008492372581120358,2,16,23.267148
LSTM,1,44.9402961730957,COMPLETE,16,0.32392502101637394,0.005550752043022724,2,16,59.916328
LSTM,2,43.140296936035156,COMPLETE,128,0.270749484709508,0.003816322217641592,2,128,10.878149
LSTM,3,42.449031829833984,COMPLETE,16,0.35803581122156847,0.002861095541954711,1,128,40.358206
LSTM,4,43.02237319946289,COMPLETE,64,0.07122120235341525,0.0011558454526180016,2,64,37.758203
LSTM,5,0.013940953649580479,PRUNED,128,0.15353948846291543,0.00042755482001523103,2,128,4.84447
LSTM,6,0.011605396866798401,PRUNED,16,0.19816590350298574,0.0005049321916700355,2,64,18.654927
LSTM,7,0.008561747148633003,PRUNED,32,0.10099703782297068,0.002765184516122909,2,128,18.84036
LSTM,8,43.81672286987305,COMPLETE,16,0.33799314628714494,0.001964603537425263,1,128,29.55853
LSTM,9,41.65544891357422,COMPLETE,16,0.16648313697638664,0.0025707642836794256,1,128,37.453939
LSTM,10,41.8912239074707,COMPLETE,16,0.08864278235801255,0.009328076086842971,1,32,54.95926
LSTM,11,40.46907043457031,COMPLETE,16,0.08349288276507057,0.0033253822875988627,1,32,36.19683
LSTM,12,0.008698458783328533,PRUNED,16,0.09323755641705263,0.002036335198798208,1,32,14.190004
LSTM,13,44.26027297973633,COMPLETE,16,0.013880063417634203,0.004926896413796196,1,128,41.159722
LSTM,14,0.009187999181449413,PRUNED,16,0.04116798116536269,0.00047656044715870335,1,128,12.423536
LSTM,15,42.43561935424805,COMPLETE,16,0.17770781445968292,0.002943717759525722,1,128,62.15604
LSTM,16,0.0089182173833251,PRUNED,16,0.17140356578238644,0.001267632322018291,1,64,15.240275
LSTM,17,40.58967208862305,COMPLETE,16,0.21619450672180163,0.006290241126237806,1,32,47.09028
LSTM,18,41.913970947265625,COMPLETE,16,0.33194618998111786,0.009112464383014416,1,32,33.136425
LSTM,19,41.92939758300781,COMPLETE,16,0.16891035394957427,0.009328817160816695,1,32,38.444762
LSTM,20,0.009035767056047916,PRUNED,16,0.2704556037418854,0.002590447368718725,1,32,15.055518
LSTM,21,0.00967978872358799,PRUNED,128,0.10777402996613136,0.003842934388984664,1,32,3.013833
LSTM,22,0.009378078393638134,PRUNED,64,0.24211636186690075,0.0011602961808621526,1,128,4.709513
LSTM,23,41.92158508300781,COMPLETE,16,0.11457169465669648,0.004656117650059399,1,16,72.917022
LSTM,24,0.008232252672314644,PRUNED,16,0.030919299225904896,0.0012868513942980316,1,32,13.478315
LSTM,25,0.00957521889358759,PRUNED,16,0.1796280502709391,0.0007058460229114383,1,128,12.879702
LSTM,26,40.49211502075195,COMPLETE,32,0.2758936258340647,0.006705761134752271,1,64,32.462213
LSTM,27,0.008671339601278305,PRUNED,32,0.2939963736525025,0.0039695084438948714,1,64,7.609838
LSTM,28,43.49103546142578,COMPLETE,16,0.22373127513848903,0.006319710642482108,1,32,58.25415
LSTM,29,0.00894392654299736,PRUNED,16,0.3907199228242703,0.0037542634154134748,1,32,11.765239
GRU,0,43.720027923583984,COMPLETE,32,0.23821788119170062,0.008492372581120358,2,16,42.27482
GRU,1,41.958656311035156,COMPLETE,16,0.32392502101637394,0.005550752043022724,2,16,67.705027
GRU,2,41.94781494140625,COMPLETE,128,0.270749484709508,0.003816322217641592,2,128,14.165855
GRU,3,43.340309143066406,COMPLETE,16,0.35803581122156847,0.002861095541954711,1,128,44.155061
GRU,4,41.56532669067383,COMPLETE,64,0.07122120235341525,0.0011558454526180016,2,64,37.631723
GRU,5,0.010431765578687191,PRUNED,128,0.15353948846291543,0.00042755482001523103,2,128,5.310711
GRU,6,41.65364074707031,COMPLETE,16,0.19816590350298574,0.0005049321916700355,2,64,139.761256
GRU,7,0.008426385000348091,PRUNED,32,0.10099703782297068,0.002765184516122909,2,128,24.77875
GRU,8,0.009960892610251904,PRUNED,64,0.3517237649097178,0.0010099212906933836,1,64,4.831511
GRU,9,0.012526733800768852,PRUNED,64,0.012252081556629442,0.00015678368558779467,2,64,7.260399
GRU,10,0.007916245609521866,PRUNED,32,0.05407338976459214,0.002058489884367501,1,64,16.423108
GRU,11,0.009225694462656975,PRUNED,16,0.1936226986237538,0.00017616134952133953,2,64,21.933362
GRU,12,0.00920986570417881,PRUNED,64,0.2506475911987597,0.0012410720157935533,2,64,8.479392
GRU,13,0.008576253429055214,PRUNED,64,0.08830750942889978,0.0008147739263582323,2,64,7.600734
GRU,14,0.009120171889662743,PRUNED,64,0.3663282052590151,0.0005617928114693189,2,64,7.388829
GRU,15,0.009327457286417484,PRUNED,16,0.26968864608041865,0.00024290859569415504,1,64,13.766454
GRU,16,0.008054060861468315,PRUNED,64,0.035839751552129845,0.0028946306626803043,2,64,13.682772
GRU,17,0.00886952318251133,PRUNED,128,0.0002514559961385582,0.0013791581453830532,2,64,5.256173
GRU,18,0.008032604120671749,PRUNED,16,0.19863643149998972,0.0008238720605244895,2,64,47.339208
GRU,19,0.008444738574326038,PRUNED,16,0.09310218405428823,0.00038112832530481623,2,64,20.397814
GRU,20,0.008988594636321068,PRUNED,32,0.20773995209310753,0.0004288799457177008,2,64,12.440366
GRU,21,0.008997272700071335,PRUNED,128,0.3037379214856281,0.002559124203734178,2,128,4.716458
GRU,22,0.008368149399757385,PRUNED,128,0.2794870379865331,0.006532284060633588,2,128,4.706024
GRU,23,0.008085655979812145,PRUNED,64,0.15525208255712242,0.0033350315307510915,2,64,12.954742
GRU,24,0.008540354669094086,PRUNED,16,0.1200066140662792,0.00029251599443385164,1,64,11.778345
GRU,25,0.008454732596874237,PRUNED,128,0.3662013145913031,0.005729190075498543,2,64,4.649975
GRU,26,0.009015426971018314,PRUNED,128,0.17820135593859626,0.006341144369603406,2,128,4.532402
GRU,27,0.009748636744916439,PRUNED,128,0.2863891278490673,0.0008725783769561636,2,128,5.123664
GRU,28,0.008888128213584423,PRUNED,128,0.22645519872472375,0.0037586418798363263,2,16,4.603059
GRU,29,0.009648390114307404,PRUNED,64,0.25610656062848447,0.0005060847645198892,2,64,8.10451
